CPRO,CMUN,NOMBRE,Poblacion,PROVINCIA,num_bancos,alquiler_m2,renta_media,pop_score,renta_norm,renta_score,alquiler_norm,alquiler_score,competition_score,score_total,dist_m,dist_km,dist_score,score_with_distance
30,019,Cieza,35361,Murcia,0.0,9.3,12.446,0.8274790177183712,0.1368389149871193,0.8631610850128807,0.0909090909090909,0.9090909090909092,1.0,0.8725649699581165,3175.1372822994945,3.1751372822994943,0.7279566871489199,0.8570712253714166
30,039,Totana,33663,Murcia,0.0,9.3,12.446,0.7794952948823014,0.1368389149871193,0.8631610850128807,0.0909090909090909,0.9090909090909092,1.0,0.860569039249099,3961.127903698501,3.961127903698501,0.6729307915439628,0.8404649412806915
23,002,Alcalá la Real,21581,Jaén,0.0,8.0,11.847,0.4380704778591008,0.0460675859978785,0.9539324140021216,0.0121212121212121,0.987878787878788,1.0,0.8357569027354269,3850.38759714006,3.85038759714006,0.6804242626436523,0.8191141198684508
14,056,Puente Genil,29844,Córdoba,0.0,9.0,12.386,0.6715743069488795,0.1277466282770116,0.8722533717229883,0.0727272727272727,0.9272727272727272,1.0,0.8422257758307464,5339.184134844846,5.339184134844846,0.5863030848416788,0.814805487510489
06,153,Villanueva de la Serena,25784,Badajoz,0.0,8.1,12.068,0.5568429084126939,0.0795575087134414,0.9204424912865584,0.0181818181818181,0.9818181818181818,1.0,0.8488643936366703,8751.440674851554,8.751440674851555,0.4168019677415461,0.8025719908621926
03,090,Mutxamel,27761,Alicante/Alacant,0.0,11.8,12.313,0.6127108825274818,0.1166843461130476,0.8833156538869523,0.2424242424242425,0.7575757575757576,1.0,0.7900637042749385,1399.8698680407806,1.3998698680407806,0.8693695486014598,0.7985607590242085
03,140,Villena,34385,Alicante/Alacant,0.0,11.8,12.313,0.7998982677254359,0.1166843461130476,0.8833156538869523,0.2424242424242425,0.7575757575757576,1.0,0.8368605505744269,8000.340327353467,8.000340327353467,0.4493136724837117,0.7953376707789931
23,087,Torredonjimeno,13261,Jaén,0.0,8.0,11.847,0.2029558877553904,0.0460675859978785,0.9539324140021216,0.0121212121212121,0.987878787878788,1.0,0.7769782552094993,2424.191902784977,2.424191902784977,0.7847271585997162,0.7778084948584508
30,041,"Unión, La",21153,Murcia,0.0,9.3,12.446,0.4259756407720349,0.1368389149871193,0.8631610850128807,0.0909090909090909,0.9090909090909092,1.0,0.7721891257215324,1961.6202624443129,1.9616202624443129,0.8218790579122821,0.777513047027684
30,038,"Torres de Cotillas, Las",22406,Murcia,0.0,9.3,12.446,0.461384124113375,0.1368389149871193,0.8631610850128807,0.0909090909090909,0.9090909090909092,1.0,0.7810412465568675,3264.6871205876964,3.2646871205876966,0.7214669479109475,0.7746582859876615
23,024,"Carolina, La",14681,Jaén,0.0,8.0,11.847,0.2430836182778986,0.0460675859978785,0.9539324140021216,0.0121212121212121,0.987878787878788,1.0,0.7870101878401263,4159.962459137277,4.159962459137277,0.6596827469856851,0.7733679620342933
23,010,Bailén,17264,Jaén,0.0,8.0,11.847,0.3160765252776443,0.0460675859978785,0.9539324140021216,0.0121212121212121,0.987878787878788,1.0,0.8052584145900628,7903.5958360675795,7.90359583606758,0.4536816294715933,0.7675894733273694
14,042,Montilla,22333,Córdoba,0.0,9.0,12.386,0.4593212196569362,0.1277466282770116,0.8722533717229883,0.0727272727272727,0.9272727272727272,1.0,0.7891625040077607,6903.111537536448,6.903111537536448,0.5014200260673686,0.7583329527998613
13,056,Miguelturra,15834,Ciudad Real,0.0,7.8,12.529,0.2756662051035691,0.1494165782694348,0.8505834217305651,0.0,1.0,1.0,0.7516790910546466,2635.6034898488124,2.6356034898488123,0.7683112542358396,0.7534611085383457
03,049,Callosa de Segura,19658,Alicante/Alacant,0.0,11.8,12.313,0.3837284878627744,0.1166843461130476,0.8833156538869523,0.2424242424242425,0.7575757575757576,1.0,0.7328181056087616,1505.0634127886626,1.5050634127886626,0.8602722747637214,0.7464739094467929
04,101,Viator,6271,Almería,0.0,9.0,11.543,0.0054257213100856,0.0,1.0,0.0727272727272727,0.9272727272727272,1.0,0.7331746121457032,1664.852017713033,1.6648520177130333,0.8466353455462049,0.7453311192957569
11,016,Chipiona,19915,Cádiz,0.0,11.8,12.335,0.3909910419080453,0.1200181845734204,0.8799818154265795,0.2424242424242425,0.7575757575757576,1.0,0.7331335168129116,1914.5033562902488,1.9145033562902487,0.8257606349706217,0.7430578509012375
04,903,"Mojonera, La",8677,Almería,0.0,9.0,11.543,0.0734167914770961,0.0,1.0,0.0727272727272727,0.9272727272727272,1.0,0.7501723796874559,3974.4822389620463,3.974482238962046,0.6720327369835676,0.7418002751120392
18,122,Loja,20846,Granada,0.0,10.4,12.709,0.4173001384689292,0.1766934383997576,0.8233065616002424,0.1575757575757576,0.8424242424242424,1.0,0.7354190479434021,2501.947315459588,2.501947315459588,0.7786491407561739,0.7400508436019131
30,033,Puerto Lumbreras,17822,Murcia,0.0,9.3,12.446,0.3318450278350807,0.1368389149871193,0.8631610850128807,0.0909090909090909,0.9090909090909092,1.0,0.7486564724872938,4146.155058141036,4.146155058141035,0.6605942265208435,0.7392212318480311
21,013,Bollullos Par del Condado,14359,Huelva,0.0,9.4,12.008,0.2339842314974425,0.0704652220033338,0.9295347779966662,0.096969696969697,0.903030303030303,1.0,0.7525442837304362,4663.254205824882,4.663254205824882,0.6273031134839041,0.7391255869183077
21,035,Gibraleón,13144,Huelva,0.0,9.4,12.008,0.1996495888320569,0.0704652220033338,0.9295347779966662,0.096969696969697,0.903030303030303,1.0,0.7439606230640898,3623.306139575525,3.623306139575525,0.6960522052221485,0.7388275782953102
14,007,Baena,18436,Córdoba,0.0,9.0,12.386,0.349196032441292,0.1277466282770116,0.8722533717229883,0.0727272727272727,0.9272727272727272,1.0,0.7616312072038496,6819.115776712499,6.819115776712499,0.5056494796675609,0.734204593539247
30,021,Fuente Álamo de Murcia,18719,Murcia,0.0,9.3,12.446,0.3571933195806369,0.1368389149871193,0.8631610850128807,0.0909090909090909,0.9090909090909092,1.0,0.7549935454236829,5831.118998501562,5.8311189985015615,0.5581587271181294,0.7339041006052305
30,018,Ceutí,12842,Murcia,0.0,9.3,12.446,0.1911153813547348,0.1368389149871193,0.8631610850128807,0.0909090909090909,0.9090909090909092,1.0,0.7134740608672073,1147.4591245131328,1.1474591245131327,0.8915926577212703,0.7325581962444281
18,062,Churriana de la Vega,16693,Granada,0.0,10.4,12.709,0.2999406561731709,0.1766934383997576,0.8233065616002424,0.1575757575757576,0.8424242424242424,1.0,0.7060791773694625,499.113866530255,0.4991138665302549,0.9513137198585514,0.7323543069218648
03,079,Ibi,24210,Alicante/Alacant,0.0,11.8,12.313,0.5123632972560545,0.1166843461130476,0.8833156538869523,0.2424242424242425,0.7575757575757576,1.0,0.7649768079570816,7898.853877527598,7.898853877527598,0.4538968144352004,0.7316468086511656
21,055,Palos de la Frontera,12663,Huelva,0.0,9.4,12.008,0.1860570265916862,0.0704652220033338,0.9295347779966662,0.096969696969697,0.903030303030303,1.0,0.7405624825039971,4720.992241497846,4.720992241497847,0.6236916245762174,0.7280406048688778
23,088,Torreperogil,7113,Jaén,0.0,8.0,11.847,0.0292197699720236,0.0460675859978785,0.9539324140021216,0.0121212121212121,0.987878787878788,1.0,0.7335442257636576,3916.639523448874,3.916639523448874,0.6759312209009126,0.7273714038140775
30,029,Mula,17585,Murcia,0.0,9.3,12.446,0.3251476530929437,0.1368389149871193,0.8631610850128807,0.0909090909090909,0.9090909090909092,1.0,0.7469821288017596,6478.144216719719,6.478144216719719,0.5231879964475649,0.7230041860495243
06,122,"Santos de Maimona, Los",8070,Badajoz,0.0,8.1,12.068,0.0562635996269816,0.0795575087134414,0.9204424912865584,0.0181818181818181,0.9818181818181818,1.0,0.7237195664402423,3661.7889499591865,3.6617889499591865,0.6933787481255326,0.7204687644779518
06,025,Calamonte,6120,Badajoz,0.0,8.1,12.068,0.0011586175714245,0.0795575087134414,0.9204424912865584,0.0181818181818181,0.9818181818181818,1.0,0.7099433209263529,2716.783483837186,2.716783483837186,0.7620993521591441,0.7155314671298661
18,145,Ogíjares,15063,Granada,0.0,10.4,12.709,0.2538785429677565,0.1766934383997576,0.8233065616002424,0.1575757575757576,0.8424242424242424,1.0,0.6945636490681089,1225.29361847014,1.22529361847014,0.884679928725407,0.7149332504599621
30,007,Alguazas,10204,Murcia,0.0,9.3,12.446,0.1165682312713708,0.1368389149871193,0.8631610850128807,0.0909090909090909,0.9090909090909092,1.0,0.6948372733463664,1504.2736922170675,1.5042736922170674,0.8603402149176284,0.7125697313718585
14,002,Aguilar de la Frontera,13210,Córdoba,0.0,9.0,12.386,0.2015146805323989,0.1277466282770116,0.8722533717229883,0.0727272727272727,0.9272727272727272,1.0,0.7247108692266263,5188.674079159401,5.1886740791594015,0.5951942786956598,0.710834091669737
13,079,"Solana, La",15225,Ciudad Real,0.0,7.8,12.529,0.2584564953231412,0.1494165782694348,0.8505834217305651,0.0,1.0,1.0,0.7473766636095396,9359.19109621823,9.35919109621823,0.3922252018552337,0.709324721278721
10,131,Navalmoral de la Mata,17028,Cáceres,0.0,7.8,12.771,0.3094074095006641,0.1860888013335356,0.8139111986664644,0.0,1.0,1.0,0.7436118917750751,8725.731445833295,8.725731445833295,0.4178749121035736,0.7087115010959856
04,099,Vélez-Rubio,6613,Almería,0.0,9.0,11.543,0.0150902873936756,0.0,1.0,0.0727272727272727,0.9272727272727272,1.0,0.7355907536666008,9310.057112227754,9.310057112227756,0.3941571027468916,0.6990085767823461
21,072,Valverde del Camino,12611,Huelva,0.0,9.4,12.008,0.184587560403538,0.0704652220033338,0.9295347779966662,0.096969696969697,0.903030303030303,1.0,0.7401951159569601,10590.760847606864,10.590760847606866,0.3467760540492157,0.6980430736097016
03,005,Albatera,13296,Alicante/Alacant,0.0,11.8,12.313,0.2039449515358747,0.1166843461130476,0.8833156538869523,0.2424242424242425,0.7575757575757576,1.0,0.6878722215270366,2540.239846784776,2.540239846784776,0.7756731975511185,0.6972794689581882
24,142,San Andrés del Rabanedo,29884,León,0.0,8.8,15.11,0.6727046655551474,0.5405364449158964,0.4594635550841036,0.0606060606060606,0.9393939393939392,1.0,0.6597832510251184,275.5878252511507,0.2755878252511507,0.9728174962037884,0.6933226344371186
14,052,Peñarroya-Pueblonuevo,10289,Córdoba,0.0,9.0,12.386,0.11897024330969,0.1277466282770116,0.8722533717229883,0.0727272727272727,0.9272727272727272,1.0,0.7040747599209491,5151.473787086222,5.151473787086222,0.5974125422408838,0.6926466651695133
18,153,Peligros,11674,Granada,0.0,10.4,12.709,0.1581089100517139,0.1766934383997576,0.8233065616002424,0.1575757575757576,0.8424242424242424,1.0,0.6706212408390982,1390.0527959050712,1.3900527959050712,0.8702234340227419,0.6920071901087741
21,070,Trigueros,8110,Huelva,0.0,9.4,12.008,0.0573939582332495,0.0704652220033338,0.9295347779966662,0.096969696969697,0.903030303030303,1.0,0.708396715414388,5958.279531112594,5.958279531112594,0.5511060869230232,0.6915441480760273
06,054,Fuente del Maestre,6567,Badajoz,0.0,8.1,12.068,0.0137903749964676,0.0795575087134414,0.9204424912865584,0.0181818181818181,0.9818181818181818,1.0,0.7131012602826138,6890.79687927645,6.890796879276451,0.5020378880538204,0.6904873275438144
10,121,Miajadas,9370,Cáceres,0.0,7.8,12.771,0.0930002543306864,0.1860888013335356,0.8139111986664644,0.0,1.0,1.0,0.6895101029825808,3865.489300521552,3.865489300521552,0.6793974816071243,0.6884266078352103
45,142,Quintanar de la Orden,11194,Toledo,0.0,9.8,12.422,0.1445446067764998,0.1332020003030764,0.8667979996969236,0.1212121212121212,0.8787878787878787,1.0,0.6958922212547103,4936.99977651723,4.93699977651723,0.6103638784270691,0.6867284702374629
45,016,Argés,7014,Toledo,0.0,9.8,12.422,0.0264221324215107,0.1332020003030764,0.8667979996969236,0.1212121212121212,0.8787878787878787,1.0,0.6663616026659631,1982.8559117127363,1.982855911712736,0.8201355962030442,0.682837387687793
30,025,Lorquí,7770,Murcia,0.0,9.3,12.446,0.0477859100799728,0.1368389149871193,0.8631610850128807,0.0909090909090909,0.9090909090909092,1.0,0.6776416930485168,3201.364660500756,3.201364660500756,0.7260499491440583,0.6828282919158961
45,087,Madridejos,10102,Toledo,0.0,9.8,12.422,0.1136858168253878,0.1332020003030764,0.8667979996969236,0.1212121212121212,0.8787878787878787,1.0,0.6881775237669323,4637.907354352426,4.637907354352427,0.6288951461669189,0.6818258404526449
13,078,Socuéllamos,12157,Ciudad Real,0.0,7.8,12.529,0.171757990222398,0.1494165782694348,0.8505834217305651,0.0,1.0,1.0,0.7257020373343539,12083.381949156676,12.083381949156678,0.2986932371633833,0.6799510944588926
41,053,Lebrija,27745,Sevilla,0.0,12.9,12.964,0.6122587390849747,0.2153356569177149,0.784664343082285,0.3090909090909091,0.6909090909090909,1.0,0.7288909118855448,13126.743229079742,13.126743229079745,0.2690994344442388,0.6796275393025475
29,008,Alhaurín el Grande,27647,Málaga,0.0,15.4,12.95,0.6094893604996185,0.213214123352023,0.786785876647977,0.4606060606060606,0.5393939393939393,1.0,0.6912744694649791,5423.903635446674,5.423903635446674,0.5813569357345629,0.6794975908510059
03,058,Cox,7622,Alicante/Alacant,0.0,11.8,12.313,0.0436035832367818,0.1166843461130476,0.8833156538869523,0.2424242424242425,0.7575757575757576,1.0,0.6477868794522634,1018.710339215606,1.018710339215606,0.9031460193588996,0.6751467872994029
13,019,Argamasilla de Alba,6925,Ciudad Real,0.0,7.8,12.529,0.0239070845225647,0.1494165782694348,0.8505834217305651,0.0,1.0,1.0,0.6887393109093956,6172.270762356112,6.172270762356112,0.5394381865784964,0.6727427618739419
45,201,Yeles,6649,Toledo,0.0,9.8,12.422,0.0161076101393167,0.1332020003030764,0.8667979996969236,0.1212121212121212,0.8787878787878787,1.0,0.6637829720954145,3003.339310280779,3.003339310280779,0.7405708797913642,0.6720102479199803
30,020,Fortuna,11183,Murcia,0.0,9.3,12.446,0.1442337581597761,0.1368389149871193,0.8631610850128807,0.0909090909090909,0.9090909090909092,1.0,0.7017536550684677,8857.348354004333,8.857348354004333,0.4124110076963069,0.670752657135736
18,057,Cúllar Vega,7809,Granada,0.0,10.4,12.709,0.048888009721084,0.1766934383997576,0.8233065616002424,0.1575757575757576,0.8424242424242424,1.0,0.6433160157564407,1254.1810921192898,1.2541810921192895,0.8821279996263627,0.668903014028218
29,042,Coín,25809,Málaga,0.0,15.4,12.95,0.5575493825416113,0.213214123352023,0.786785876647977,0.4606060606060606,0.5393939393939393,1.0,0.6782894749754773,5832.7075181694845,5.832707518169484,0.5580700695484455,0.6654088243940096
41,007,"Algaba, La",16666,Sevilla,0.0,12.9,12.964,0.2991776641139401,0.2153356569177149,0.784664343082285,0.3090909090909091,0.6909090909090909,1.0,0.6506206431427861,2430.0556943303027,2.430055694330303,0.7842671458360464,0.6649399112884924
18,149,Villa de Otura,7606,Granada,0.0,10.4,12.709,0.0431514397942747,0.1766934383997576,0.8233065616002424,0.1575757575757576,0.8424242424242424,1.0,0.6418818732747384,1579.712055804414,1.5797120558044142,0.8538743684313185,0.6645953548986576
13,061,Pedro Muñoz,7567,Ciudad Real,0.0,7.8,12.529,0.0420493401531635,0.1494165782694348,0.8505834217305651,0.0,1.0,1.0,0.6932748748170452,8573.74008017759,8.57374008017759,0.4242747628587884,0.664453434250089
46,094,Catarroja,30142,Valencia/València,0.0,13.5,14.435,0.679995478565575,0.4382482194271861,0.5617517805728138,0.3454545454545454,0.6545454545454545,1.0,0.6364235345355236,1649.7139505663995,1.6497139505663998,0.8479179583861913,0.6590836513766665
11,029,Puerto Serrano,6898,Cádiz,0.0,11.8,12.335,0.0231440924633339,0.1200181845734204,0.8799818154265795,0.2424242424242425,0.7575757575757576,1.0,0.6411717794517338,2541.102215510873,2.541102215510873,0.7756063088045742,0.6555754790252523
03,096,Onil,7959,Alicante/Alacant,0.0,11.8,12.313,0.0531268544945884,0.1166843461130476,0.8833156538869523,0.2424242424242425,0.7575757575757576,1.0,0.6501676972667151,3583.228509047115,3.583228509047115,0.6988474150610192,0.6553833813161046
45,106,Mora,9930,Toledo,0.0,9.8,12.422,0.1088252748184361,0.1332020003030764,0.8667979996969236,0.1212121212121212,0.8787878787878787,1.0,0.6869623882651944,9582.980400928356,9.582980400928356,0.3835451091872194,0.6544533940782684
16,154,"Pedroñeras, Las",6518,Cuenca,0.0,8.1,12.725,0.0124056857037895,0.1791180481891196,0.8208819518108804,0.0181818181818181,0.9818181818181818,1.0,0.6679528451953891,6728.369470416524,6.728369470416523,0.510258944888736,0.6510570701625332
46,186,Paiporta,27748,Valencia/València,0.0,13.5,14.435,0.6123435159804448,0.4382482194271861,0.5617517805728138,0.3454545454545454,0.6545454545454545,1.0,0.6195105438892412,933.1444261488416,0.9331444261488416,0.910907027271266,0.6507315956801722
13,052,Malagón,7754,Ciudad Real,0.0,7.8,12.529,0.0473337666374657,0.1494165782694348,0.8505834217305651,0.0,1.0,1.0,0.6945959814381208,12598.974613573466,12.598974613573466,0.2836831134898755,0.65056960272938
20,902,Lasarte-Oria,19312,Gipuzkoa,0.0,,,0.3739508859185577,0.3767237460221246,0.6232762539778753,0.2424242424242425,0.7575757575757576,1.0,0.6133559751636228,480.94927033875217,0.4809492703387522,0.9530433132084872,0.6497510470970009
41,060,Marchena,19382,Sevilla,0.0,12.9,12.964,0.3759290134795264,0.2153356569177149,0.784664343082285,0.3090909090909091,0.6909090909090909,1.0,0.6698084804841826,7482.159601139953,7.482159601139953,0.4732100256828878,0.648744360326901
45,041,Casarrubios del Monte,7098,Toledo,0.0,9.8,12.422,0.0287958854946731,0.1332020003030764,0.8667979996969236,0.1212121212121212,0.8787878787878787,1.0,0.6669550409342537,7031.529113035318,7.031529113035318,0.4950220800218451,0.6485336522650669
30,001,Abanilla,6206,Murcia,0.0,9.3,12.446,0.0035888885749003,0.1368389149871193,0.8631610850128807,0.0909090909090909,0.9090909090909092,1.0,0.6665924376722487,7014.463635966712,7.014463635966712,0.4958675800552272,0.6483004886418534
16,190,San Clemente,6812,Cuenca,0.0,8.1,12.725,0.0207138214598581,0.1791180481891196,0.8208819518108804,0.0181818181818181,0.9818181818181818,1.0,0.6700298791344063,8182.485163815188,8.182485163815187,0.4412037392834703,0.6455127927218058
10,180,Talayuela,7304,Cáceres,0.0,7.8,12.771,0.0346172323169525,0.1860888013335356,0.8139111986664644,0.0,1.0,1.0,0.6749143474791472,9330.273655072602,9.330273655072602,0.393361058285836,0.6447479236370066
03,105,"Pinós, el/Pinoso",8407,Alicante/Alacant,0.0,11.8,12.313,0.0657868708847882,0.1166843461130476,0.8833156538869523,0.2424242424242425,0.7575757575757576,1.0,0.653332701364265,5639.057465308832,5.639057465308832,0.5689824172185513,0.6442951709200813
41,044,Gelves,10473,Sevilla,0.0,12.9,12.964,0.124169892898522,0.2153356569177149,0.784664343082285,0.3090909090909091,0.6909090909090909,1.0,0.6068687003389315,889.4952119373947,0.8894952119373948,0.914891755052502,0.639871170486814
45,099,Méntrida,6273,Toledo,0.0,9.8,12.422,0.005482239240399,0.1332020003030764,0.8667979996969236,0.1212121212121212,0.8787878787878787,1.0,0.6611266293706851,8431.98572601,8.43198572601,0.4303318720110018,0.636398619653576
11,041,Villamartín,12169,Cádiz,0.0,11.8,12.335,0.1720970978042784,0.1200181845734204,0.8799818154265795,0.2424242424242425,0.7575757575757576,1.0,0.6784100307869698,13613.266250418645,13.613266250418643,0.2563205100927581,0.6331861535697326
11,010,Bornos,7533,Cádiz,0.0,11.8,12.335,0.0410885353378359,0.1200181845734204,0.8799818154265795,0.2424242424242425,0.7575757575757576,1.0,0.6456578901703591,7037.69922617176,7.03769922617176,0.4947167400067769,0.6294856240814038
15,019,Carballo,31595,"Coruña, A",0.0,,15.319,0.7210557549382541,0.5722079102894381,0.4277920897105619,0.2424242424242425,0.7575757575757576,1.0,0.6121643184982559,3106.577202142626,3.106577202142626,0.7329647119433819,0.6251072177959478
41,087,Sanlúcar la Mayor,14375,Sevilla,0.0,12.9,12.964,0.2344363749399497,0.2153356569177149,0.784664343082285,0.3090909090909091,0.6909090909090909,1.0,0.6344353208492884,6451.183975048006,6.451183975048005,0.5246004270479517,0.6226672965134309
41,041,Estepa,12394,Sevilla,0.0,12.9,12.964,0.1784553649645349,0.2153356569177149,0.784664343082285,0.3090909090909091,0.6909090909090909,1.0,0.6204400683554347,4657.742326169813,4.657742326169813,0.6276489707181979,0.6212124507514449
41,096,Valencina de la Concepción,8080,Sevilla,0.0,12.9,12.964,0.0565461892785486,0.2153356569177149,0.784664343082285,0.3090909090909091,0.6909090909090909,1.0,0.5899627744339382,1321.8945734411627,1.321894573441163,0.8761749815686414,0.6206283680555134
41,067,Olivares,9504,Sevilla,0.0,12.9,12.964,0.0967869556616836,0.2153356569177149,0.784664343082285,0.3090909090909091,0.6909090909090909,1.0,0.6000229660297219,3130.8254066331424,3.1308254066331425,0.7311895572069701,0.6140765293701413
11,037,Trebujena,7015,Cádiz,0.0,11.8,12.335,0.0264503913866674,0.1200181845734204,0.8799818154265795,0.2424242424242425,0.7575757575757576,1.0,0.6419983541825671,9710.202072850672,9.710202072850672,0.3786964920383632,0.6137874403814022
41,094,Umbrete,9394,Sevilla,0.0,12.9,12.964,0.0936784694944471,0.2153356569177149,0.784664343082285,0.3090909090909091,0.6909090909090909,1.0,0.5992458444879127,3089.5165424258307,3.08951654242583,0.73421626540969,0.613706961015246
41,023,Cantillana,10728,Sevilla,0.0,12.9,12.964,0.1313759290134795,0.2153356569177149,0.784664343082285,0.3090909090909091,0.6909090909090909,1.0,0.6086702093676709,4457.5996050868,4.457599605086799,0.6403374598934807,0.6120631290668647
26,036,Calahorra,25064,"Rioja, La",0.0,,14.827,0.5364964534998728,0.4976511592665556,0.5023488407334444,0.2424242424242425,0.7575757575757576,1.0,0.5995750310989576,3369.2284792481187,3.369228479248118,0.7139639215760192,0.6118309836500713
41,098,Villanueva del Ariscal,6938,Sevilla,0.0,12.9,12.964,0.0242744510696018,0.2153356569177149,0.784664343082285,0.3090909090909091,0.6909090909090909,1.0,0.5818948398817014,1964.8745145074693,1.9648745145074693,0.8216116412647133,0.607578782887024
12,077,Moncofa,8011,Castellón/Castelló,0.0,8.5,14.029,0.0545963206827366,0.3767237460221246,0.6232762539778753,0.0424242424242424,0.9575757575757576,1.0,0.5835173338546675,2334.8235809530843,2.3348235809530844,0.7917715639755031,0.6058302870818997
16,134,Motilla del Palancar,6259,Cuenca,0.0,8.1,12.725,0.0050866137282052,0.1791180481891196,0.8208819518108804,0.0181818181818181,0.9818181818181818,1.0,0.666123077201493,23901.74268054344,23.90174268054344,0.0916137171420617,0.6045685029094109
12,011,Almenara,6710,Castellón/Castelló,0.0,8.5,14.029,0.0178314070138751,0.3767237460221246,0.6232762539778753,0.0424242424242424,0.9575757575757576,1.0,0.5743261054374522,1664.177258292079,1.6641772582920789,0.8466924749911667,0.6035082164610642
41,045,Gerena,7923,Sevilla,0.0,12.9,12.964,0.0521095317489473,0.2153356569177149,0.784664343082285,0.3090909090909091,0.6909090909090909,1.0,0.5888536100515378,4077.362409223772,4.077362409223772,0.6651542961710608,0.5970286835643438
11,901,Benalup-Casas Viejas,7228,Cádiz,0.0,11.8,12.335,0.0324695509650436,0.1200181845734204,0.8799818154265795,0.2424242424242425,0.7575757575757576,1.0,0.6435031440771611,15956.964919370064,15.956964919370064,0.202767253552635,0.5962814415209619
49,219,Toro,8369,Zamora,0.0,7.8,13.897,0.0647130302088337,0.356720715259888,0.643279284740112,0.0,1.0,1.0,0.6056539356852588,6971.845116448497,6.971845116448497,0.4979854039895952,0.5941180215750091
32,085,Verín,13798,Ourense,0.0,8.1,14.049,0.2181309520445361,0.3797545082588271,0.6202454917411728,0.0181818181818181,0.9818181818181818,1.0,0.6290977547492074,12323.95624700267,12.32395624700267,0.2915931924288368,0.5929365516434532
41,010,Almensilla,6653,Sevilla,0.0,12.9,12.964,0.0162206459999434,0.2153356569177149,0.784664343082285,0.3090909090909091,0.6909090909090909,1.0,0.5798813886142868,3636.49142222289,3.63649142222289,0.6951350454992148,0.5922299947091005
41,015,Benacazón,7358,Sevilla,0.0,12.9,12.964,0.0361432164354141,0.2153356569177149,0.784664343082285,0.3090909090909091,0.6909090909090909,1.0,0.5848620312231545,4682.853275339263,4.682853275339263,0.6260748617738275,0.589277691639298
32,058,"Pereiro de Aguiar, O",6731,Ourense,0.0,8.1,14.049,0.0184248452821657,0.3797545082588271,0.6202454917411728,0.0181818181818181,0.9818181818181818,1.0,0.5791712280586148,4217.7821476177705,4.21778214761777,0.6558794876521217,0.5873899701579188
41,903,"Cuervo de Sevilla, El",8716,Sevilla,0.0,12.9,12.964,0.0745188911182072,0.2153356569177149,0.784664343082285,0.3090909090909091,0.6909090909090909,1.0,0.5944559498938529,7181.658659308317,7.181658659308317,0.4876458440855788,0.5830120099858234
46,085,Carlet,16428,Valencia/València,0.0,13.5,14.435,0.2924520304066465,0.4382482194271861,0.5617517805728138,0.3454545454545454,0.6545454545454545,1.0,0.5395376724957915,721.0545433247752,0.7210545433247751,0.9304327724705947,0.5814192903502347
19,024,Alovera,13585,Guadalajara,0.0,10.5,14.689,0.2121117924661598,0.4767388998333082,0.5232611001666918,0.1636363636363636,0.8363636363636364,1.0,0.5475863522824604,2029.5658572599489,2.0295658572599486,0.816313680322119,0.5763785660009952
41,064,Montellano,7031,Sevilla,0.0,12.9,12.964,0.0269025348291745,0.2153356569177149,0.784664343082285,0.3090909090909091,0.6909090909090909,1.0,0.5825518608215947,7110.120391056813,7.110120391056813,0.4911468859988235,0.572758470662012
41,092,Tocina,9373,Sevilla,0.0,12.9,12.964,0.0930850312261565,0.2153356569177149,0.784664343082285,0.3090909090909091,0.6909090909090909,1.0,0.5990974849208401,11301.160283721554,11.301160283721554,0.3229957775737051,0.569515159133647
07,008,Binissalem,9281,"Balears, Illes",0.0,,,0.0904852064317404,0.3767237460221246,0.6232762539778753,0.2424242424242425,0.7575757575757576,1.0,0.5424895552919184,2439.42875725665,2.43942875725665,0.7835323917037762,0.568315573478903
20,903,Astigarraga,7764,Gipuzkoa,0.0,,,0.0476163562890326,0.3767237460221246,0.6232762539778753,0.2424242424242425,0.7575757575757576,1.0,0.5317723427562415,1523.64609117686,1.52364609117686,0.85867514287191,0.5667976427686344
46,007,Albal,17038,Valencia/València,0.0,13.5,14.435,0.309689999152231,0.4382482194271861,0.5617517805728138,0.3454545454545454,0.6545454545454545,1.0,0.5438471646821876,2880.477921930928,2.880477921930928,0.7497257603445007,0.5659055856460069
46,135,Godella,13437,Valencia/València,0.0,13.5,14.435,0.2079294656229688,0.4382482194271861,0.5617517805728138,0.3454545454545454,0.6545454545454545,1.0,0.5184070312998721,461.7571530327114,0.4617571530327114,0.9548741614457028,0.5651713666726396
41,042,Fuentes de Andalucía,7247,Sevilla,0.0,12.9,12.964,0.0330064713030208,0.2153356569177149,0.784664343082285,0.3090909090909091,0.6909090909090909,1.0,0.5840778449400563,10943.306968222549,10.943306968222547,0.3347635903186491,0.5573656033734768
27,902,Burela,9547,Lugo,0.0,7.8,14.316,0.0980020911634216,0.4202151841188061,0.5797848158811939,0.0,1.0,1.0,0.5854036899373927,11449.61421848991,11.449614218489913,0.3182361945175794,0.5567786011424126
46,238,Tavernes de la Valldigna,17631,Valencia/València,0.0,13.5,14.435,0.3264475654901517,0.4382482194271861,0.5617517805728138,0.3454545454545454,0.6545454545454545,1.0,0.5480365562666678,4752.976145824144,4.752976145824143,0.6217000019424587,0.5559290683033596
20,051,Legazpi,8390,Gipuzkoa,0.0,,,0.0653064684771243,0.3767237460221246,0.6232762539778753,0.2424242424242425,0.7575757575757576,1.0,0.5361948708032644,3297.82374838555,3.29782374838555,0.7190802063510855,0.555789728183388
19,058,Cabanillas del Campo,11329,Guadalajara,0.0,10.5,14.689,0.1483595670726538,0.4767388998333082,0.5232611001666918,0.1636363636363636,0.8363636363636364,1.0,0.5316482959340839,3087.96927236671,3.08796927236671,0.7343298772833147,0.5533641796500728
20,072,Urnieta,6250,Gipuzkoa,0.0,,,0.004832283041795,0.3767237460221246,0.6232762539778753,0.2424242424242425,0.7575757575757576,1.0,0.5210763244444321,2039.3650930275653,2.0393650930275653,0.8155141471054423,0.5526232340152545
22,112,Fraga,15390,Huesca,0.0,8.4,15.14,0.2631192245739961,0.5450825882709504,0.4549174117290496,0.0363636363636364,0.9636363636363636,1.0,0.5614017323306624,7766.173084758697,7.766173084758697,0.4599592830727752,0.5505328984816029
46,031,Alginet,14652,Valencia/València,0.0,13.5,14.435,0.2422641082883544,0.4382482194271861,0.5617517805728138,0.3454545454545454,0.6545454545454545,1.0,0.5269906919662185,3040.663019020433,3.040663019020433,0.7378119464934632,0.549578683522709
43,133,Roquetes,8369,Tarragona,0.0,10.9,14.559,0.0647130302088337,0.4570389452947416,0.5429610547052584,0.1878787878787879,0.812121212121212,1.0,0.5135410351998777,1761.028105791377,1.7610281057913768,0.8385317689684824,0.5483614709607996
43,131,Roda de Berà,8048,Tarragona,0.0,10.9,14.559,0.0556419023935343,0.4570389452947416,0.5429610547052584,0.1878787878787879,0.812121212121212,1.0,0.5112732532460529,1577.6266805741118,1.5776266805741117,0.8540524518449818,0.5479995959530809
46,166,Meliana,10990,Valencia/València,0.0,13.5,14.435,0.1387797778845338,0.4382482194271861,0.5617517805728138,0.3454545454545454,0.6545454545454545,1.0,0.5011196093652633,1470.8464630985573,1.4708464630985572,0.863220905859473,0.5399161768467857
46,237,Tavernes Blanques,9635,Valencia/València,0.0,13.5,14.435,0.1004888800972108,0.4382482194271861,0.5617517805728138,0.3454545454545454,0.6545454545454545,1.0,0.4915468849184325,609.1553485536065,0.6091553485536064,0.940902709903218,0.5396921518810881
46,165,Massanassa,10345,Valencia/València,0.0,13.5,14.435,0.1205527453584649,0.4382482194271861,0.5617517805728138,0.3454545454545454,0.6545454545454545,1.0,0.4965628512337461,1067.0918490908848,1.0670918490908847,0.8987870158149593,0.5396582974388761
26,084,Lardero,11658,"Rioja, La",0.0,,14.827,0.1576567666092067,0.4976511592665556,0.5023488407334444,0.2424242424242425,0.7575757575757576,1.0,0.5048651093762911,1876.6829364039504,1.87668293640395,0.8288896095916417,0.5395820201136501
20,061,Orio,6182,Gipuzkoa,0.0,,,0.0029106734111396,0.3767237460221246,0.6232762539778753,0.2424242424242425,0.7575757575757576,1.0,0.5205959220367683,3618.87367298081,3.61887367298081,0.6963607964228882,0.5394278728638524
43,162,Vandellòs i l'Hospitalet de l'Infant,7104,Tarragona,0.0,10.9,14.559,0.0289654392856133,0.4570389452947416,0.5429610547052584,0.1878787878787879,0.812121212121212,1.0,0.5046041374690726,1909.9717177954312,1.9099717177954312,0.8261349246395838,0.539053864665913
46,207,Rafelbunyol,9710,Valencia/València,0.0,13.5,14.435,0.102608302483963,0.4382482194271861,0.5617517805728138,0.3454545454545454,0.6545454545454545,1.0,0.4920767405151206,927.4166390096404,0.9274166390096404,0.9114289248784988,0.5370073316969111
41,013,Aznalcóllar,6079,Sevilla,0.0,12.9,12.964,0.0,0.2153356569177149,0.784664343082285,0.3090909090909091,0.6909090909090909,1.0,0.5758262271143011,15495.65832243257,15.49565832243257,0.2123401450608537,0.5368812897514316
43,047,Constantí,6888,Tarragona,0.0,10.9,14.559,0.022861502811767,0.4570389452947416,0.5429610547052584,0.1878787878787879,0.812121212121212,1.0,0.503078153350611,2911.946407448331,2.9119464074483306,0.7473701951686516,0.5292523006882582
19,319,Villanueva de la Torre,6696,Guadalajara,0.0,10.5,14.689,0.0174357815016814,0.4767388998333082,0.5232611001666918,0.1636363636363636,0.8363636363636364,1.0,0.4989173495413407,2596.143323641603,2.596143323641603,0.7713490127960695,0.5281064563186331
46,126,Foios,7761,Valencia/València,0.0,13.5,14.435,0.0475315793935626,0.4382482194271861,0.5617517805728138,0.3454545454545454,0.6545454545454545,1.0,0.4783075597425205,1048.2941410343933,1.0482941410343931,0.9004781183524098,0.52354011959358
26,168,Villamediana de Iregua,9207,"Rioja, La",0.0,,14.827,0.0883940430101449,0.4976511592665556,0.5023488407334444,0.2424242424242425,0.7575757575757576,1.0,0.4875494284765256,2130.917566207742,2.1309175662077418,0.8080819869422208,0.5218922025978501
26,018,Arnedo,15219,"Rioja, La",0.0,,14.827,0.2582869415322011,0.4976511592665556,0.5023488407334444,0.2424242424242425,0.7575757575757576,1.0,0.5300226531070397,7935.197534197055,7.935197534197055,0.4522501814820944,0.5216898882900812
46,082,Canet d'En Berenguer,7771,Valencia/València,0.0,13.5,14.435,0.0478141690451295,0.4382482194271861,0.5617517805728138,0.3454545454545454,0.6545454545454545,1.0,0.4783782071554122,1430.9095690876904,1.4309095690876903,0.8666752352100078,0.5199814601612617
46,256,Vilamarxant,11041,Valencia/València,0.0,13.5,14.435,0.1402209851075253,0.4382482194271861,0.5617517805728138,0.3454545454545454,0.6545454545454545,1.0,0.5014799111710112,4282.868128376259,4.282868128376259,0.6516244937242198,0.5175668307302835
46,011,Alberic,10945,Valencia/València,0.0,13.5,14.435,0.1375081244524825,0.4382482194271861,0.5617517805728138,0.3454545454545454,0.6545454545454545,1.0,0.5008016960072506,4480.943694758436,4.4809436947584365,0.6388443937765947,0.515591985053966
50,067,Calatayud,19850,Zaragoza,0.0,11.1,15.65,0.3891542091728601,0.6223670253068648,0.3776329746931351,0.1999999999999999,0.8,1.0,0.5172233909051259,7068.391483510206,7.068391483510206,0.493200670427401,0.5146495279967982
39,060,Reocín,8400,Cantabria,0.0,11.1,15.043,0.0655890581286913,0.5303833914229429,0.4696166085770571,0.1999999999999999,0.8,1.0,0.4777247383918485,2075.0674577372147,2.0750674577372146,0.8126077600865347,0.5136050621448506
46,109,Cheste,9022,Valencia/València,0.0,13.5,14.435,0.0831661344561562,0.4382482194271861,0.5617517805728138,0.3454545454545454,0.6545454545454545,1.0,0.4872161985081689,3318.597328919476,3.318597328919476,0.7175879697848463,0.5118988882878128
46,249,Utiel,11703,Valencia/València,0.0,13.5,14.435,0.1589284200412581,0.4382482194271861,0.5617517805728138,0.3454545454545454,0.6545454545454545,1.0,0.5061567699044445,5855.183125548302,5.855183125548302,0.5568171816693611,0.5115846711649712
22,061,Binéfar,10118,Huesca,0.0,8.4,15.14,0.114137960267895,0.5450825882709504,0.4549174117290496,0.0363636363636364,0.9636363636363636,1.0,0.524156416254137,9772.976325400885,9.772976325400885,0.3763266989966121,0.508317517976545
25,019,Almacelles,6896,Lleida,0.0,8.8,14.713,0.0230875745330206,0.480375814517351,0.5196241854826489,0.0606060606060606,0.9393939393939392,1.0,0.524451261948932,9891.8075497872,9.8918075497872,0.3718812281044006,0.5081044726084465
46,183,"Olleria, l'",8648,Valencia/València,0.0,13.5,14.435,0.0725972814875519,0.4382482194271861,0.5617517805728138,0.3454545454545454,0.6545454545454545,1.0,0.4845739852660178,4272.308774264059,4.272308774264059,0.6523129305103847,0.5025460151136285
46,257,Castelló,6897,Valencia/València,0.0,13.5,14.435,0.0231158334981772,0.4382482194271861,0.5617517805728138,0.3454545454545454,0.6545454545454545,1.0,0.4722036232686742,3008.6568320108663,3.008656832010866,0.7401771843002612,0.5009150762363441
24,010,"Bañeza, La",10023,León,0.0,8.8,15.11,0.1114533585780088,0.5405364449158964,0.4594635550841036,0.0606060606060606,0.9393939393939392,1.0,0.5194704242808337,12855.746973932526,12.855746973932526,0.2764916389396431,0.4934369829942775
46,178,Nàquera/Náquera,8308,Valencia/València,0.0,13.5,14.435,0.0629892333342753,0.4382482194271861,0.5617517805728138,0.3454545454545454,0.6545454545454545,1.0,0.4821719732276986,5776.653992418569,5.776653992418569,0.5612070327285852,0.4906400153170793
47,075,Íscar,6396,Valladolid,0.0,9.4,15.59,0.0089580919546726,0.6132747385967572,0.3867252614032428,0.096969696969697,0.903030303030303,1.0,0.4520234663777031,2704.1109941031937,2.7041109941031936,0.7630657339746502,0.4853494236202331
15,067,"Pobra do Caramiñal, A",9184,"Coruña, A",0.0,,15.319,0.0877440868115409,0.5722079102894381,0.4277920897105619,0.2424242424242425,0.7575757575757576,1.0,0.4538364014665775,3658.1337272549854,3.6581337272549854,0.693632239825417,0.4795288127193102
17,193,Sils,6720,Girona,0.0,12.6,15.13,0.0181139966654421,0.5435672071525991,0.4564327928474009,0.2909090909090909,0.7090909090909091,1.0,0.4371959832204182,3010.963068168314,3.010963068168314,0.7400065016442083,0.4696399673372529
15,092,Vimianzo,6808,"Coruña, A",0.0,,15.319,0.0206007855992313,0.5722079102894381,0.4277920897105619,0.2424242424242425,0.7575757575757576,1.0,0.4370505761635001,3504.1696695051605,3.5041696695051607,0.7043943193254072,0.465694548645133
17,089,Llagostera,9508,Girona,0.0,12.6,15.13,0.0968999915223104,0.5435672071525991,0.4564327928474009,0.2909090909090909,0.7090909090909091,1.0,0.4568924819346353,6720.051092737032,6.720051092737031,0.5106835741373663,0.4626558132420707
50,252,Tauste,6817,Zaragoza,0.0,11.1,15.65,0.0208551162856416,0.6223670253068648,0.3776329746931351,0.1999999999999999,0.8,1.0,0.4251486176833212,3267.4362045972184,3.2674362045972183,0.7212686378457578,0.4568757627007251
17,009,Arbúcies,6574,Girona,0.0,12.6,15.13,0.0139881877525645,0.5435672071525991,0.4564327928474009,0.2909090909090909,0.7090909090909091,1.0,0.4361645309921988,5952.60888319279,5.95260888319279,0.551418688405834,0.4485131907150883
31,902,Berrioplano/Berriobeiti,7631,Navarra,0.0,10.6,16.423,0.0438579139231921,0.7395059857554173,0.2604940142445827,0.1696969696969696,0.8303030303030303,1.0,0.3857625424666178,1155.5045368016652,1.1555045368016652,0.8908756231494057,0.4398818011112022
08,102,Igualada,41466,Barcelona,0.0,24.3,17.062,1.0,0.8363388392180636,0.1636611607819363,1.0,0.0,1.0,0.3736475223518714,486.4744282154704,0.4864744282154704,0.952516887174344,0.435669240011422
50,163,María de Huerva,6371,Zaragoza,0.0,11.1,15.65,0.0082516178257552,0.6223670253068648,0.3776329746931351,0.1999999999999999,0.8,1.0,0.4219977430683496,7023.208695346148,7.023208695346147,0.4954341304667784,0.429865927432467
31,215,San Adrián,6481,Navarra,0.0,10.6,16.423,0.0113601039929917,0.7395059857554173,0.2604940142445827,0.1696969696969696,0.8303030303030303,1.0,0.3776380899840677,3478.005296424038,3.478005296424038,0.7062397360579358,0.4128454092062678
31,077,Corella,8712,Navarra,0.0,10.6,16.423,0.0744058552575804,0.7395059857554173,0.2604940142445827,0.1696969696969696,0.8303030303030303,1.0,0.3933995278002149,5646.281068307501,5.646281068307501,0.5685715553220574,0.4121679593204123
31,072,Cintruénigo,8333,Navarra,0.0,10.6,16.423,0.0636957074631927,0.7395059857554173,0.2604940142445827,0.1696969696969696,0.8303030303030303,1.0,0.3907219908516179,11690.032196896733,11.69003219689673,0.3106764631585514,0.3821456843130751
01,036,Laudio/Llodio,17982,Araba/Álava,0.0,12.2,17.806,0.336366462260152,0.9490831944233976,0.0509168055766022,0.2666666666666666,0.7333333333333334,1.0,0.3403375114078423,3629.608327014897,3.629608327014897,0.6956136782741242,0.3784028150006582
08,172,Premià de Mar,28951,Barcelona,0.0,24.3,17.062,0.6463390510639501,0.8363388392180636,0.1636611607819363,1.0,0.0,1.0,0.2852322851178588,1735.6056312905089,1.7356056312905088,0.8406662362423591,0.3447430655954838
08,147,Olesa de Montserrat,24677,Barcelona,0.0,24.3,17.062,0.5255602339842315,0.8363388392180636,0.1636611607819363,1.0,0.0,1.0,0.2550375808479292,2147.253282569806,2.147253282569806,0.8067630047478882,0.3141510191229248
08,076,Esparreguera,22550,Barcelona,0.0,24.3,17.062,0.4654534150959392,0.8363388392180636,0.1636611607819363,1.0,0.0,1.0,0.2400108761258561,1613.9770559086048,1.6139770559086049,0.850953574806414,0.3054690224130587
08,221,Sant Just Desvern,20881,Barcelona,0.0,24.3,17.062,0.4182892022494136,0.8363388392180636,0.1636611607819363,1.0,0.0,1.0,0.2282198229142247,642.5674996432298,0.6425674996432298,0.9377641976948194,0.3042424344978599
08,159,Parets del Vallès,18881,Barcelona,0.0,24.3,17.062,0.3617712719360217,0.8363388392180636,0.1636611607819363,1.0,0.0,1.0,0.2140903403358768,1240.0571341997809,1.2400571341997808,0.8833747937771379,0.285799388918869
08,041,Canovelles,17312,Barcelona,0.0,24.3,17.062,0.3174329556051657,0.8363388392180636,0.1636611607819363,1.0,0.0,1.0,0.2030057612531627,737.5911742886192,0.7375911742886192,0.9288954216116212,0.2807796534344262
08,046,Cardedeu,19064,Barcelona,0.0,24.3,17.062,0.366942662559697,0.8363388392180636,0.1636611607819363,1.0,0.0,1.0,0.2153831879917956,2546.632133461745,2.546632133461745,0.7751775234479064,0.2753611525049503
08,006,Arenys de Mar,16642,Barcelona,0.0,24.3,17.062,0.2984994489501794,0.8363388392180636,0.1636611607819363,1.0,0.0,1.0,0.1982723845894162,1133.4077850560468,1.133407785056047,0.8928463454236794,0.2726910232502301
08,072,Corbera de Llobregat,15726,Barcelona,0.0,24.3,17.062,0.2726142368666459,0.8363388392180636,0.1636611607819363,1.0,0.0,1.0,0.1918010815685328,1224.87246401288,1.22487246401288,0.8847171881995243,0.2660420929932819
08,112,Manlleu,21348,Barcelona,0.0,24.3,17.062,0.4314861389775906,0.8363388392180636,0.1636611607819363,1.0,0.0,1.0,0.231519057096269,6207.121506687554,6.207121506687554,0.5375614764828793,0.264309316316263
08,107,Lliçà d'Amunt,16253,Barcelona,0.0,24.3,17.062,0.2875067115042247,0.8363388392180636,0.1636611607819363,1.0,0.0,1.0,0.1955242002279275,2140.027184353422,2.1400271843534218,0.8073461903012813,0.2610765563072154
08,156,Palau-solità i Plegamans,15456,Barcelona,0.0,24.3,17.062,0.264984316274338,0.8363388392180636,0.1636611607819363,1.0,0.0,1.0,0.1898936014204558,1807.0443647306035,1.807044364730604,0.8346820238042179,0.2589780752472875
08,904,Badia del Vallès,13118,Barcelona,0.0,24.3,17.062,0.1989148557379828,0.8363388392180636,0.1636611607819363,1.0,0.0,1.0,0.1733762362863671,498.8541951472852,0.4988541951472852,0.9513384230742132,0.256729327727922
28,176,Villanueva de la Cañada,23799,Madrid,0.0,23.0,18.142,0.5007488625766524,1.0,0.0,0.9212121212121211,0.0787878787878788,1.0,0.1948841853411328,3903.072679077254,3.9030726790772543,0.6768488686073305,0.2465232585482254
08,157,Pallejà,11825,Barcelona,0.0,24.3,17.062,0.162376013790375,0.8363388392180636,0.1636611607819363,1.0,0.0,1.0,0.1642415257994651,783.0303185415913,0.7830303185415913,0.9246841753230006,0.245717523962701
08,285,Torelló,15093,Barcelona,0.0,24.3,17.062,0.2547263119224574,0.8363388392180636,0.1636611607819363,1.0,0.0,1.0,0.1873291003324857,3279.4769011422604,3.2794769011422606,0.7204007027981684,0.2444439148823803
08,181,"Roca del Vallès, La",10962,Barcelona,0.0,24.3,17.062,0.1379885268601463,0.8363388392180636,0.1636611607819363,1.0,0.0,1.0,0.1581446540669079,718.3082194186289,0.718308219418629,0.9306883345384092,0.240917191260283
08,197,Sant Andreu de Llavaneres,11933,Barcelona,0.0,24.3,17.062,0.1654279820272981,0.8363388392180636,0.1636611607819363,1.0,0.0,1.0,0.1650045178586959,2330.9588752165428,2.3309588752165427,0.7920776195229579,0.2321909216084382
08,230,Premià de Dalt,10594,Barcelona,0.0,24.3,17.062,0.1275892276824822,0.8363388392180636,0.1636611607819363,1.0,0.0,1.0,0.1555448292724919,1640.8875928961995,1.6408875928961997,0.8486666914844597,0.2298078859380599
08,214,Vilassar de Dalt,9281,Barcelona,0.0,24.3,17.062,0.0904852064317404,0.8363388392180636,0.1636611607819363,1.0,0.0,1.0,0.1462688239598065,1413.992484168357,1.4139924841683569,0.8681426379240165,0.2236124468845432
08,155,Palafolls,9938,Barcelona,0.0,24.3,17.062,0.1090513465396897,0.8363388392180636,0.1636611607819363,1.0,0.0,1.0,0.1509103589867938,2052.770398710638,2.052770398710638,0.8144216578835615,0.2220008552971617
08,209,Sant Fost de Campsentelles,9227,Barcelona,0.0,24.3,17.062,0.0889592223132789,0.8363388392180636,0.1636611607819363,1.0,0.0,1.0,0.1458873279301911,1990.8586756234165,1.9908586756234168,0.8194795236026496,0.2180579203236687
28,172,Villalbilla,18000,Madrid,0.0,23.0,18.142,0.3368751236329725,1.0,0.0,0.9212121212121211,0.0787878787878788,1.0,0.1539157506052128,2964.086153066538,2.964086153066538,0.7434835671775175,0.2170837309522454
08,005,"Ametlla del Vallès, L'",9462,Barcelona,0.0,24.3,17.062,0.0956000791251024,0.8363388392180636,0.1636611607819363,1.0,0.0,1.0,0.1475475421331469,2346.5354268103624,2.3465354268103624,0.7908447961383952,0.2164722479194235
08,267,Sentmenat,9553,Barcelona,0.0,24.3,17.062,0.0981716449543617,0.8363388392180636,0.1636611607819363,1.0,0.0,1.0,0.1481904335904618,2446.4435373681004,2.4464435373681,0.7829829536918483,0.2162039178870389
28,177,Villanueva del Pardillo,18086,Madrid,0.0,23.0,18.142,0.3393053946364484,1.0,0.0,0.9212121212121211,0.0787878787878788,1.0,0.1545233183560818,3180.602559120087,3.180602559120087,0.7275589473658539,0.215919992892843
08,264,Sant Vicenç de Montalt,6712,Barcelona,0.0,24.3,17.062,0.0178879249441885,0.8363388392180636,0.1636611607819363,1.0,0.0,1.0,0.1281195035879185,820.4536339551037,0.8204536339551036,0.9212301676200134,0.2130956461627858
08,198,Sant Antoni de Vilamajor,6668,Barcelona,0.0,24.3,17.062,0.0166445304772939,0.8363388392180636,0.1636611607819363,1.0,0.0,1.0,0.1278086549711948,1935.5648611994973,1.9355648611994976,0.824023289002144,0.2024030800459393
08,262,Sant Vicenç de Castellet,10131,Barcelona,0.0,24.3,17.062,0.114505326814932,0.8363388392180636,0.1636611607819363,1.0,0.0,1.0,0.1522738540556044,5991.760628774373,5.991760628774373,0.5492640087120033,0.1948085134830756
08,108,Lliçà de Vall,6861,Barcelona,0.0,24.3,17.062,0.0220985107525362,0.8363388392180636,0.1636611607819363,1.0,0.0,1.0,0.1291721500400054,3224.365430557036,3.2243654305570364,0.7243818974101952,0.1929446229725257
08,191,Sallent,6927,Barcelona,0.0,24.3,17.062,0.0239636024528781,0.8363388392180636,0.1636611607819363,1.0,0.0,1.0,0.1296384229650909,3961.915114867628,3.961915114867628,0.6728778197654737,0.1878426440508461
08,091,Gelida,8098,Barcelona,0.0,24.3,17.062,0.0570548506513691,0.8363388392180636,0.1636611607819363,1.0,0.0,1.0,0.1379112350147136,5426.978661478873,5.426978661478873,0.5811781944465388,0.1854041235252663
08,075,Dosrius,6142,Barcelona,0.0,24.3,17.062,0.0017803148048718,0.8363388392180636,0.1636611607819363,1.0,0.0,1.0,0.1240926010530893,3737.8647174715607,3.737864717471561,0.6881238300219935,0.1845245184426147
08,138,Moià,6738,Barcelona,0.0,24.3,17.062,0.0186226580382626,0.8363388392180636,0.1636611607819363,1.0,0.0,1.0,0.128303186861437,5322.454374131142,5.322454374131142,0.5872847768178151,0.1774797857853347
08,183,Roda de Ter,6900,Barcelona,0.0,24.3,17.062,0.0232006103936473,0.8363388392180636,0.1636611607819363,1.0,0.0,1.0,0.1294476749502832,5864.453743055215,5.864453743055215,0.5563012169606344,0.1751819830228208
08,274,Súria,6090,Barcelona,0.0,24.3,17.062,0.0003108486167236,0.8363388392180636,0.1636611607819363,1.0,0.0,1.0,0.1237252345060522,7885.536849377347,7.885536849377346,0.4545016727570901,0.1591655671758063
28,075,Loeches,9200,Madrid,0.0,23.0,18.142,0.0881962302540481,1.0,0.0,0.9212121212121211,0.0787878787878788,1.0,0.0917460272604817,3754.5255030387593,3.754525503038759,0.6869783161874222,0.1555209153597967
28,059,Fuente el Saz de Jarama,7379,Madrid,0.0,23.0,18.142,0.0367366547037047,1.0,0.0,0.9212121212121211,0.0787878787878788,1.0,0.0788811333728959,2541.9990844173017,2.5419990844173017,0.7755367502056684,0.1535228066049786
28,004,"Álamo, El",10430,Madrid,0.0,23.0,18.142,0.1229547573967841,1.0,0.0,0.9212121212121211,0.0787878787878788,1.0,0.1004356590461657,5552.267271663542,5.552267271663542,0.5739421181734093,0.1511684939526561
28,067,Guadalix de la Sierra,6904,Madrid,0.0,23.0,18.142,0.0233136462542741,1.0,0.0,0.9212121212121211,0.0787878787878788,1.0,0.0755253812605382,5394.689922185892,5.394689922185892,0.5830577784036959,0.1299038523830194
